{
  "states": [
    "idle",
    "writing"
  ],
  "transition": [
    [
      0.9666786355475763,
      0.0333213644524237
    ],
    [
      0.03063880915826714,
      0.9693611908417329
    ]
  ],
  "priors": [
    0.48182855562087207,
    0.5181714443791279
  ],
  "smoothing": 1.0,
  "source": "loso_oof.csv",
  "n_windows": 28917,
  "n_sessions": 15,
  "effective_memory_sec": 15.7
}
